,Name,Mileage,Dealer Name,Rating,Review Count,Price
0,2019 Volkswagen Atlas 3.6L SE w/Technology,"25,133 mi.",Volkswagen of Palm Springs,3.9,85 ,"$29,987"
1,2022 Volkswagen Atlas Cross Sport 3.6L V6 SE w/Technology,"5,246 mi.",The Autobarn Volkswagen of Countryside,4.9,"1,181 ","$37,699"
2,2022 Volkswagen Atlas 2.0T SE,"27,361 mi.",Castle Volkswagen of Schaumburg,4.1,624 ,"$32,777"
3,2019 Volkswagen Jetta GLI 2.0T S,"25,587 mi.",Lou Bachrodt Auto Mall,4.8,"2,995 ","$23,115"
4,2020 Volkswagen Atlas Cross Sport 2.0T SE w/Technology,"28,658 mi.",LaFontaine Volkswagen of Dearborn,2.5,140 ,"$29,771"
5,2019 Volkswagen Jetta 1.4T S,"42,799 mi.",Byers Volkswagen by the Airport,4.7,316 ,"$17,996"
6,2019 Volkswagen Tiguan 2.0T SEL Premium,"34,957 mi.",Volkswagen of Inver Grove,4.9,760 ,"$28,590"
7,2019 Volkswagen Atlas 3.6L SEL,"35,137 mi.",King Volkswagen,3.4,187 ,"$33,489"
8,2019 Volkswagen Atlas 3.6L S,"50,734 mi.",Driver's Village,2.7,162 ,"$27,998"
9,2021 Volkswagen Tiguan 2.0T SE,"41,936 mi.",Alexandria VW,4.7,973 ,"$23,500"
10,2022 Volkswagen Tiguan 2.0T SE,"8,610 mi.",Don Thornton Volkswagen of Tulsa,3.8,281 ,"$31,745"
11,2022 Volkswagen Passat 2.0T SE,"18,267 mi.",Compass Volkswagen,n/a,0 ,"$25,634"
12,2017 Volkswagen Beetle 1.8T Dune,"57,973 mi.",Hudson Valley VW,4.2,496 ,"$27,000"
13,2019 Volkswagen Tiguan 2.0T SE,"29,623 mi.",Mohegan Lake Volkswagen,4.8,565 ,"$23,974"
14,2020 Volkswagen Arteon 2.0T SEL Premium R-Line,"38,996 mi.",Harte Volkswagen,n/a,4 ,"$33,977"
15,2022 Volkswagen Atlas 3.6L SE w/Technology,"7,561 mi.",Harte Volkswagen,n/a,4 ,"$39,577"
16,2016 Volkswagen e-Golf SEL Premium,"30,975 mi.",Volkswagen of Old Saybrook,n/a,30 ,"$17,417"
17,2018 Volkswagen Golf GTI 2.0T S 4-Door,"32,160 mi.",Volkswagen of Gainesville,4.7,955 ,"$23,000"
18,2020 Volkswagen Passat 2.0T SEL,"41,024 mi.",Volkswagen of Ocala,4.8,"1,463 ","$23,444"
19,2020 Volkswagen Golf 1.4T TSI,"4,200 mi.",Leesburg Volkswagen,4.9,786 ,"$22,682"
20,2022 Volkswagen Atlas 3.6L SE w/Technology,219 mi.,Volkswagen of Wesley Chapel,3.3,11 ,"$39,349"
21,2018 Volkswagen Atlas 3.6L SEL,"71,210 mi.",Compass Volkswagen,n/a,0 ,"$27,908"
22,2021 Volkswagen Atlas Cross Sport 2.0T SEL,"11,353 mi.",Volkswagen of Milwaukee North,n/a,35 ,"$37,460"
23,2022 Volkswagen Jetta GLI 2.0T Autobahn,"8,412 mi.",Bergstrom Imports on Victory Lane,n/a,397 ,"$32,989"
24,2022 Volkswagen Passat 2.0T SE,"31,804 mi.",LaFontaine Volkswagen of Dearborn,2.5,140 ,"$22,878"
25,2020 Volkswagen Atlas Cross Sport 3.6L V6 SEL Premium R-Line,"41,710 mi.",Basil Volkswagen of Lockport,4.4,209 ,"$39,541"
26,2020 Volkswagen Jetta 1.4T S,"15,459 mi.",Hiley Automotive Group,n/a,28 ,"$19,990"
27,2022 Volkswagen Golf R 1.4T TSI,"6,773 mi.",Sutliff Volkswagen,n/a,70 ,"$51,433"
28,2021 Volkswagen Arteon 2.0T SEL R-Line,"15,581 mi.",Mohegan Lake Volkswagen,4.8,565 ,"$34,590"
29,2019 Volkswagen Atlas 3.6L SEL,"18,526 mi.",Volkswagen of West Islip,3.2,449 ,"$34,883"
30,2020 Volkswagen Atlas 3.6 SE,"30,016 mi.",Volkswagen of Smithtown,4.5,"1,509 ","$33,699"
31,2022 Volkswagen Atlas 3.6L SE w/Technology,"3,956 mi.",Harte Volkswagen,n/a,4 ,"$40,777"
32,2020 Volkswagen Passat 2.0T SEL,"29,896 mi.",Northampton Volkswagen,4.8,897 ,"$22,700"
33,2022 Volkswagen Arteon 2.0T SEL R-Line,"1,362 mi.",Northampton Volkswagen,4.8,897 ,"$42,057"
34,2022 Volkswagen Jetta 1.5T Sport,"4,662 mi.",Colonial Volkswagen,4.9,"2,430 ","$24,584"
35,2023 Volkswagen Atlas 3.6L SE w/Technology,"4,863 mi.",Volkswagen of Beaumont,5.0,307 ,"$42,000"
36,2019 Volkswagen Beetle 2.0T Final Edition SE,"33,826 mi.",McDonald Volkswagen,4.9,"1,541 ","$25,970"
37,2022 Volkswagen Atlas Cross Sport 3.6L V6 SE w/Technology,"39,440 mi.",Volkswagen of Ocala,4.8,"1,463 ","$34,353"
38,2019 Volkswagen Jetta 1.4T R-Line,"32,631 mi.",Kuhn Volkswagen,4.6,"1,204 ","$19,775"
39,2019 Volkswagen Arteon 2.0T SEL R-Line,"18,644 mi.",Findlay Volkswagen,4.7,46 ,"$30,100"
40,2021 Volkswagen Jetta GLI 2.0T S,"6,087 mi.",AutoNation Volkswagen Las Vegas,4.6,789 ,"$28,995"
41,2021 Volkswagen Arteon 2.0T SEL R-Line,"28,259 mi.",Central Valley Hyundai,4.8,796 ,"$32,998"
42,2019 Volkswagen Tiguan 2.0T SEL Premium,"32,422 mi.",Frank Boucher VW Kia of Racine,4.6,877 ,"$30,991"
43,2019 Volkswagen Jetta 1.4T S,"27,575 mi.",The Autobarn Volkswagen of Countryside,4.9,"1,181 ","$18,077"
44,2021 Volkswagen Atlas 2.0T S,"27,521 mi.",Larry Roesch Volkswagen,4.4,143 ,"$28,675"
45,2021 Volkswagen ID.4 Pro,"33,496 mi.",Volkswagen of Quad Cities,4.7,175 ,"$34,400"
46,2021 Volkswagen ID.4 Pro,"28,184 mi.",Joseph VW of Cincinnati,4.3,85 ,"$35,991"
47,2021 Volkswagen ID.4 Pro,"18,063 mi.",Joseph VW of Cincinnati,4.3,85 ,"$37,304"
48,2021 Volkswagen Atlas 3.6 V6 SE w/ Technology,"43,194 mi.",Byers Volkswagen by the Airport,4.7,316 ,"$31,993"
49,2021 Volkswagen Passat 2.0T R-Line,"26,643 mi.",Classic Volkswagen Mentor,4.9,211 ,"$25,995"
50,2021 Volkswagen ID.4 Pro S,"8,222 mi.",Crown Toyota Volkswagen,4.7,399 ,"$45,721"
51,2021 Volkswagen Atlas 3.6 V6 SE w/ Technology R-Line,"21,212 mi.",Village Volkswagen of Chattanooga,4.9,"1,145 ","$36,991"
52,2022 Volkswagen Atlas Cross Sport 3.6 V6 SEL Premium R-Line,"17,548 mi.",Jim Ellis Volkswagen of Kennesaw,4.9,"2,546 ","$47,614"
53,2022 Volkswagen Atlas Cross Sport 3.6L V6 SE w/Technology,"3,062 mi.",Driver's Village,2.7,162 ,"$39,718"
54,2019 Volkswagen Golf SportWagen 1.4T S,"57,943 mi.",Fitzgerald Volkswagen Annapolis,4.9,85 ,"$19,490"
55,2022 Volkswagen Passat 2.0T SE,"12,624 mi.",Three County Volkswagen,4.6,"1,772 ","$24,995"
56,2020 Volkswagen Atlas 3.6L SE w/Technology,"22,179 mi.",Curran Volkswagen,4.8,383 ,"$33,300"
57,2022 Volkswagen Jetta 1.5T SEL,"2,098 mi.",Low Country Volkswagen,4.1,180 ,"$33,991"
58,2021 Volkswagen Atlas 3.6 V6 SEL R-Line,"17,533 mi.",Nucar Volkswagen of Norwood,3.9,426 ,"$43,800"
59,2021 Volkswagen Atlas 3.6 V6 SE w/ Technology,"11,455 mi.",Colonial Volkswagen of Medford,4.8,"2,167 ","$35,991"
60,2021 Volkswagen Atlas 3.6 V6 SEL Premium,"26,949 mi.",Coastal Volkswagen,4.7,"1,381 ","$39,926"
61,2021 Volkswagen Arteon 2.0T SEL R-Line 4MOTION,"23,968 mi.",Napleton's Volkswagen of Sanford,4.8,899 ,"$32,200"
62,2021 Volkswagen ID.4 Pro S,"28,273 mi.",AutoNation Audi Volkswagen Spokane,4.3,204 ,"$41,683"
63,2019 Volkswagen Tiguan 2.0T SEL,"24,454 mi.",Compass Volkswagen,n/a,0 ,"$27,337"
64,2022 Volkswagen Atlas 3.6L SE w/Technology,"3,040 mi.",City Volkswagen Of Evanston,4.9,"1,704 ","$39,000"
65,2019 Volkswagen Jetta GLI 2.0T Autobahn,"62,165 mi.",Fox Valley Volkswagen of St. Charles,4.3,699 ,"$22,995"
66,2021 Volkswagen Atlas 3.6 V6 SEL Premium R-Line,"31,341 mi.",Fox Valley Volkswagen of St. Charles,4.3,699 ,"$45,800"
67,2021 Volkswagen Arteon 2.0T SEL Premium R-Line,"17,920 mi.",Fox Valley Volkswagen of St. Charles,4.3,699 ,"$37,333"
68,2019 Volkswagen Tiguan 2.0T SE,"26,201 mi.",Hall Volkswagen Mazda,4.7,616 ,"$27,993"
69,2022 Volkswagen Atlas Cross Sport 3.6L V6 SE w/Technology,"7,434 mi.",Hall Volkswagen Mazda,4.7,616 ,"$41,991"
70,2021 Volkswagen Passat 2.0T R-Line,"16,350 mi.",Tom Wood Volkswagen,4.3,487 ,"$27,900"
71,2020 Volkswagen Atlas Cross Sport 2.0T S,"20,105 mi.",Joseph VW of Cincinnati,4.3,85 ,"$28,995"
72,2021 Volkswagen Atlas 3.6 V6 SE w/ Technology R-Line,"23,628 mi.",Stone Mountain Volkswagen,4.4,"2,418 ","$38,991"
73,2020 Volkswagen Tiguan 2.0T SE,"27,364 mi.",Driver's Village,2.7,162 ,"$26,486"
74,2022 Volkswagen Tiguan 2.0T SE R-Line Black,"18,272 mi.",Antwerpen Volkswagen,4.5,420 ,"$32,500"
75,2020 Volkswagen Arteon 2.0T SEL Premium R-Line,"34,444 mi.",Hudson Valley VW,4.2,496 ,"$34,800"
76,2021 Volkswagen Atlas Cross Sport 3.6L V6 SEL,"22,756 mi.",Low Country Volkswagen,4.1,180 ,"$39,591"
77,2023 Volkswagen Tiguan 2.0T SE R-Line Black,"1,121 mi.",Executive Volkswagen,4.7,308 ,"$34,909"
78,2020 Volkswagen Golf 1.4T TSI,"16,633 mi.",Kelly Volkswagen,4.7,978 ,"$24,597"
79,2019 Volkswagen Golf SportWagen 1.8T S,"64,443 mi.",O'Steen Volkswagen,3.9,55 ,"$17,995"
80,2021 Volkswagen Arteon 2.0T SEL R-Line,"13,772 mi.",Volkswagen of Corpus Christi,4.8,180 ,"$36,498"
81,2021 Volkswagen Atlas 3.6L SEL Premium,"25,299 mi.",AutoNation Audi Volkswagen Spokane,4.3,204 ,"$41,990"
82,2019 Volkswagen Jetta GLI 2.0T Autobahn,"58,181 mi.",AutoNation Volkswagen Las Vegas,4.6,789 ,"$24,725"
83,2022 Volkswagen Taos 1.5T SE,"7,069 mi.",Herzog-Meier Volkswagen Volvo Mazda,4.9,844 ,"$27,488"
84,2022 Volkswagen Taos 1.5T SEL,"19,910 mi.",Compass Volkswagen,n/a,0 ,"$32,938"
85,2021 Volkswagen Arteon 2.0T SEL Premium R-Line,"31,248 mi.",Volkswagen of Orland Park,3.5,"1,173 ","$36,995"
86,2019 Volkswagen Arteon 2.0T SEL R-Line,"13,089 mi.",Team Audi Volkswagen,n/a,30 ,"$31,500"
87,2022 Volkswagen Taos 1.5T SE,"4,135 mi.",Boucher Volkswagen Marketplace of Franklin,4.8,"1,071 ","$30,480"
88,2022 Volkswagen Atlas Cross Sport 3.6L V6 SE w/Technology,"6,113 mi.",Hall Volkswagen Mazda,4.7,616 ,"$41,991"
89,2021 Volkswagen Atlas Cross Sport 3.6L V6 SEL R-Line,"18,473 mi.",Hall Volkswagen Mazda,4.7,616 ,"$42,994"
90,2022 Volkswagen Atlas Cross Sport 2.0T SEL,"4,626 mi.",Hall Volkswagen Mazda,4.7,616 ,"$44,991"
91,2019 Volkswagen Jetta GLI 2.0T Autobahn,"19,347 mi.",Hall Volkswagen Mazda,4.7,616 ,"$28,491"
92,2021 Volkswagen Arteon 2.0T SEL R-Line,"18,358 mi.",Dreyer & Reinbold BMW INFINITI Subaru Volkswagen of Greenwood,3.6,20 ,"$36,580"
93,2019 Volkswagen Golf GTI 2.0T Rabbit Edition,"43,255 mi.",Fairfield Volkswagen,3.9,"1,167 ","$28,000"
94,2022 Volkswagen Atlas 3.6L V6 SE w/Technology,"16,379 mi.",Joseph VW of Cincinnati,4.3,85 ,"$40,990"
95,2022 Volkswagen Atlas Cross Sport 3.6L V6 SEL,"8,978 mi.",Joseph VW of Cincinnati,4.3,85 ,"$43,988"
96,2021 Volkswagen ID.4 1st Edition,"17,350 mi.",D-Patrick Motoplex,4.7,372 ,"$43,000"
97,2021 Volkswagen Passat 2.0T SE,"20,566 mi.",Classic Volkswagen Mentor,4.9,211 ,"$22,995"
98,2020 Volkswagen Arteon 2.0T SE,"10,431 mi.",Luther Burnsville Volkswagen,4.9,"2,655 ","$30,895"
99,2022 Volkswagen Atlas Cross Sport 2.0T SEL R-Line,"11,425 mi.",Crown Toyota Volkswagen,4.7,399 ,"$42,971"
100,2020 Volkswagen Arteon 2.0T SE,"17,137 mi.",Alexandria VW,4.7,973 ,"$25,900"
101,2020 Volkswagen Passat 2.0T R-Line,"21,044 mi.",Hamilton Volkswagen,4.7,"2,145 ","$24,489"
102,2020 Volkswagen Tiguan 2.0T SE,"34,587 mi.",Volkswagen of Schenectady,4.7,"1,319 ","$26,300"
103,2019 Volkswagen Arteon 2.0T SEL R-Line,"37,173 mi.",Curran Volkswagen,4.8,383 ,"$29,700"
104,2019 Volkswagen Golf R 2.0T w/DCC & Navigation,"25,470 mi.",Capitol Volkswagen,3.3,52 ,"$39,694"
105,2020 Volkswagen Jetta 1.4T S,"17,916 mi.",Cochran Volkswagen South Hills,4.5,316 ,"$19,272"
106,2019 Volkswagen e-Golf SEL Premium,"18,349 mi.",Volkswagen of Downtown Chicago,4.5,"1,943 ","$26,891"
107,2020 Volkswagen Atlas Cross Sport 2.0T S,"29,297 mi.",The Autobarn Volkswagen of Countryside,4.9,"1,181 ","$28,335"
108,2021 Volkswagen ID.4 Pro,"8,112 mi.",Larry Roesch Volkswagen,4.4,143 ,"$37,347"
109,2020 Volkswagen Atlas Cross Sport 2.0T SE w/Technology,"28,090 mi.",Bill Jacobs VW,4.3,618 ,"$31,487"
110,2019 Volkswagen Atlas 3.6L SE w/Technology,"31,576 mi.",Hall Volkswagen Mazda,4.7,616 ,"$34,991"
111,2021 Volkswagen Jetta GLI 2.0T S,"16,236 mi.",Vorderman Volkswagen,4.4,352 ,"$27,600"
112,2022 Volkswagen Atlas 3.6L SE w/Technology,"3,494 mi.",Fairfield Volkswagen,3.9,"1,167 ","$40,507"
113,2021 Volkswagen Atlas 2.0T SE,"42,397 mi.",Byers Volkswagen by the Airport,4.7,316 ,"$30,453"
114,2021 Volkswagen ID.4 Pro S,"15,473 mi.","Northtowne Volkswagen, Hyundai, Mazda",3.5,754 ,"$43,988"
115,2021 Volkswagen ID.4 Pro,"25,748 mi.",Crown Toyota Volkswagen,4.7,399 ,"$38,971"
116,2023 Volkswagen Atlas 2.0T SE,"7,019 mi.",Gossett Porsche VW,n/a,33 ,"$37,500"
117,2021 Volkswagen Atlas 3.6 V6 SE w/ Technology,"10,190 mi.",Stone Mountain Volkswagen,4.4,"2,418 ","$40,991"
118,2020 Volkswagen Arteon 2.0T SE,"15,281 mi.",Wellesley Volkswagen,4.9,"3,387 ","$28,995"
119,2021 Volkswagen Tiguan 2.0T SEL Premium R-Line,"16,256 mi.",Kelly Volkswagen,4.7,978 ,"$38,992"
120,2023 Volkswagen Atlas Cross Sport 2.0T SEL R-Line Black,"2,436 mi.",Kelly Volkswagen,4.7,978 ,"$47,990"
121,2020 Volkswagen Arteon 2.0T SEL Premium R-Line,"20,401 mi.",Tracy Volkswagen Inc.,n/a,6 ,"$37,991"
122,2021 Volkswagen Atlas 3.6 V6 SEL Premium,"37,424 mi.",Bob Boast Volkswagen,5.0,959 ,"$40,794"
123,2021 Volkswagen Tiguan 2.0T SEL,"8,156 mi.",Volkswagen SouthTowne,4.5,"1,298 ","$31,412"
124,2021 Volkswagen Atlas 3.6 V6 SE w/ Technology R-Line,"17,920 mi.",AutoNation Audi Volkswagen Spokane,4.3,204 ,"$39,990"
125,2021 Volkswagen Atlas Cross Sport 2.0T S,"21,586 mi.",Findlay Volkswagen,4.7,46 ,"$28,000"
126,2019 Volkswagen Jetta 1.4T S,"23,496 mi.",Compass Volkswagen,n/a,0 ,"$21,129"
127,2022 Volkswagen Taos 1.5T SEL,"5,987 mi.",Boucher Volkswagen Marketplace of Franklin,4.8,"1,071 ","$34,180"
128,2022 Volkswagen Golf GTI 2.0T SE,"13,291 mi.",Hall Volkswagen Mazda,4.7,616 ,"$34,994"
129,2022 Volkswagen Taos 1.5T SE,"17,670 mi.",Hall Volkswagen Mazda,4.7,616 ,"$29,991"
130,2021 Volkswagen ID.4 Pro S,"17,272 mi.",Vorderman Volkswagen,4.4,352 ,"$41,000"
131,2021 Volkswagen Jetta GLI 2.0T S,"2,992 mi.",Andy Mohr Volkswagen,4.3,165 ,"$27,999"
132,2022 Volkswagen Atlas 3.6L SE w/Technology,"4,935 mi.",MAG Midwestern Auto Group,3.0,73 ,"$41,882"
133,2022 Volkswagen Atlas 3.6L SE w/Technology,"9,077 mi.",MAG Midwestern Auto Group,3.0,73 ,"$40,683"
134,2022 Volkswagen Atlas 2.0T SEL,"6,480 mi.",MAG Midwestern Auto Group,3.0,73 ,"$42,999"
135,2019 Volkswagen Jetta 1.4T SEL Premium,"28,705 mi.",Ide Volkswagen,4.9,858 ,"$25,490"
136,2022 Volkswagen Atlas Cross Sport 3.6L V6 SEL Premium R-Line,"8,323 mi.",Nalley Volkswagen,4.6,352 ,"$50,960"
137,2020 Volkswagen Tiguan 2.0T SEL,"51,645 mi.",Compass Volkswagen,n/a,0 ,"$26,651"
138,2019 Volkswagen Tiguan 2.0T SE,"30,679 mi.",East Coast Honda,n/a,109 ,"$27,997"
139,2019 Volkswagen Tiguan 2.0T S,"12,634 mi.",East Coast Honda,n/a,109 ,"$27,000"
140,2020 Volkswagen Tiguan 2.0T S,"31,210 mi.",East Coast Honda,n/a,109 ,"$24,560"
141,2020 Volkswagen Arteon 2.0T SEL R-Line,"48,050 mi.",Volkswagen of St. Augustine,4.6,227 ,"$29,665"
142,2022 Volkswagen ID.4 Pro,"1,518 mi.",McDonald Volkswagen,4.9,"1,541 ","$42,970"
143,2021 Volkswagen Atlas 3.6L V6 SE w/Technology,"9,654 mi.",Prestige Volkswagen,n/a,162 ,"$35,975"
144,2021 Volkswagen Atlas 3.6 V6 SEL R-Line,"24,039 mi.",Rick Case Volkswagen,3.7,346 ,"$39,500"
145,2022 Volkswagen Golf GTI 2.0T SE,"3,098 mi.",Lunde's Peoria Volkswagen,4.8,543 ,"$35,998"
146,2022 Volkswagen Atlas 3.6L SE w/Technology,"8,618 mi.",Findlay Volkswagen,4.7,46 ,"$37,700"
147,2021 Volkswagen Jetta 1.4T S,"20,931 mi.",Rusty Wallis Volkswagen,4.8,716 ,"$19,901"
148,2022 Volkswagen ID.4 Pro S,"3,486 mi.",Volkswagen of Downtown Chicago,4.5,"1,943 ","$46,991"
149,2021 Volkswagen Atlas 3.6L SEL Premium,"51,409 mi.",Volkswagen of Oak Lawn,4.1,169 ,"$40,427"
150,2019 Volkswagen Atlas 3.6L SE w/Technology,"29,374 mi.",Boucher Volkswagen Marketplace of Franklin,4.8,"1,071 ","$32,999"
151,2021 Volkswagen Atlas 3.6 V6 SE w/ Technology,"17,860 mi.",Hall Volkswagen Mazda,4.7,616 ,"$36,993"
152,2021 Volkswagen Atlas 3.6 V6 SEL Premium,"16,931 mi.",Hall Volkswagen Mazda,4.7,616 ,"$43,595"
153,2019 Volkswagen Golf GTI 2.0T Autobahn,"24,441 mi.",Hall Volkswagen Mazda,4.7,616 ,"$34,991"
154,2022 Volkswagen Taos 1.5T SE,"22,639 mi.",Vorderman Volkswagen,4.4,352 ,"$28,300"
155,2021 Volkswagen Atlas 3.6 V6 SEL Premium,"21,596 mi.",Schmelz Countryside Alfa Romeo FIAT Saab VW,4.0,254 ,"$44,725"
156,2021 Volkswagen Golf GTI 2.0T SE,"20,591 mi.",Sheehy Volkswagen of Hagerstown,n/a,1 ,"$30,900"
157,2019 Volkswagen Golf 1.4T SE,"37,315 mi.",Paul Miller Volkswagen,4.8,659 ,"$22,195"
158,2021 Volkswagen Jetta GLI 2.0T S,"17,787 mi.",World Volkswagen of Neptune,4.7,"2,013 ","$27,500"
159,2018 Volkswagen Tiguan 2.0T SEL,"42,516 mi.",East Coast Honda,n/a,109 ,"$26,000"
160,2019 Volkswagen Tiguan 2.0T S,"30,502 mi.",East Coast Honda,n/a,109 ,"$26,000"
161,2021 Volkswagen Atlas 3.6 V6 SE w/ Technology R-Line,"44,623 mi.",Volkswagen of Old Saybrook,n/a,30 ,"$39,246"
162,2022 Volkswagen Atlas 2.0T SE,"9,459 mi.",Wellesley Volkswagen,4.9,"3,387 ","$40,495"
163,2021 Volkswagen Atlas Cross Sport 3.6L V6 SEL R-Line,"17,350 mi.",Nucar Volkswagen of Norwood,3.9,426 ,"$39,900"
164,2019 Volkswagen Atlas 3.6 V6 SE R-Line,"46,534 mi.",McDonald Volkswagen,4.9,"1,541 ","$32,570"
165,2022 Volkswagen Atlas 3.6L SE w/Technology,"3,694 mi.","Bob Penkhus Volvo, Mazda Inc.",4.7,"2,983 ","$39,999"
166,2022 Volkswagen Atlas Cross Sport 3.6L V6 SE w/Technology,"9,540 mi.",Momentum Volkswagen of Upper Kirby,4.7,392 ,"$43,774"
167,2021 Volkswagen Atlas 3.6 V6 SE w/ Technology,"19,448 mi.",Findlay Volkswagen,4.7,46 ,"$34,500"
168,2019 Volkswagen Atlas 3.6L SE w/Technology,"46,118 mi.",Volkswagen of Downtown Chicago,4.5,"1,943 ","$28,591"
169,2020 Volkswagen Atlas Cross Sport 2.0T SEL,"8,298 mi.",Larry Roesch Volkswagen,4.4,143 ,"$38,990"
170,2019 Volkswagen Atlas 3.6L SE w/Technology,"35,168 mi.",Muller Subaru Volkswagen,5.0,86 ,"$30,709"
171,2020 Volkswagen Jetta 1.4T SEL,"51,534 mi.",Hall Volkswagen Mazda,4.7,616 ,"$26,991"
172,2022 Volkswagen Atlas 3.6L SE w/Technology,"7,216 mi.",MAG Midwestern Auto Group,3.0,73 ,"$40,886"
173,2021 Volkswagen Arteon 2.0T SE,"5,995 mi.",Fitzgerald Volkswagen Frederick,n/a,1 ,"$31,995"
174,2022 Volkswagen Atlas 3.6L SEL Premium R-Line,"5,620 mi.",Alexandria VW,4.7,973 ,"$49,500"
175,2022 Volkswagen Atlas Cross Sport 3.6L V6 SEL R-Line,"1,498 mi.",Low Country Volkswagen,4.1,180 ,"$48,987"
176,2022 Volkswagen Taos 1.5T SE,"13,415 mi.",Volkswagen Jaguar Cadillac of Hartford,n/a,246 ,"$30,995"
177,2020 Volkswagen Passat 2.0T SEL,"14,472 mi.",Hendrick Volkswagen Frisco,4.6,234 ,"$25,995"
178,2019 Volkswagen e-Golf SE,"14,120 mi.",Colonial Volkswagen,4.9,"2,430 ","$26,036"
179,2022 Volkswagen Atlas 3.6L SEL Premium R-Line,"22,435 mi.",Wellesley Volkswagen,4.9,"3,387 ","$47,695"
180,2021 Volkswagen Atlas Cross Sport 3.6L V6 SE w/Technology R-Line,"6,950 mi.",Wellesley Volkswagen,4.9,"3,387 ","$39,995"
181,2019 Volkswagen Beetle 2.0T S,"4,910 mi.",Ed Carroll Motor Co.,4.9,117 ,"$32,817"
182,2022 Volkswagen Tiguan 2.0T SE,929 mi.,McDonald Volkswagen,4.9,"1,541 ","$31,570"
183,2022 Volkswagen Jetta 1.5T Sport,"2,228 mi.",Lakeland Volkswagen,4.3,"1,954 ","$22,900"
184,2019 Volkswagen Atlas 3.6L SE w/Technology,"25,133 mi.",Volkswagen of Palm Springs,3.9,85 ,"$29,987"
185,2020 Volkswagen Atlas Cross Sport 2.0T SE w/Technology,"26,295 mi.",Capistrano Volkswagen,5.0,17 ,"$29,799"
186,2019 Volkswagen Arteon 2.0T SEL R-Line,"42,538 mi.",Dirito Brothers Walnut Creek Volkswagen,4.8,"3,310 ","$27,988"
187,2020 Volkswagen Jetta GLI 2.0T S,"17,760 mi.",Sunnyvale Volkswagen,4.5,74 ,"$25,991"
188,2022 Volkswagen Atlas 3.6L SE w/Technology,"4,411 mi.",City Volkswagen Of Evanston,4.9,"1,704 ","$39,500"
189,2022 Volkswagen Atlas 3.6L SE w/Technology,"13,376 mi.",City Volkswagen of Highland,4.8,829 ,"$39,790"
190,2019 Volkswagen Atlas 3.6L SEL Premium,"32,212 mi.",Fox Valley Volkswagen of St. Charles,4.3,699 ,"$36,500"
191,2019 Volkswagen Golf Alltrack TSI S,"32,674 mi.",Fox Valley Volkswagen of St. Charles,4.3,699 ,"$27,695"
192,2021 Volkswagen ID.4 Pro,"16,031 mi.",Fox Valley Volkswagen of St. Charles,4.3,699 ,"$37,331"
193,2020 Volkswagen Jetta 1.4T R-Line,"23,838 mi.",Hall Volkswagen Mazda,4.7,616 ,"$23,993"
194,2022 Volkswagen Atlas 2.0T SE w/Technology,"25,896 mi.",Andy Mohr Volkswagen,4.3,165 ,"$36,499"
195,2020 Volkswagen Arteon 2.0T SEL R-Line,"27,259 mi.",LaFontaine Volkswagen of Dearborn,2.5,140 ,"$33,789"
196,2021 Volkswagen ID.4 Pro S,"12,495 mi.",Joseph VW of Cincinnati,4.3,85 ,"$43,577"
197,2022 Volkswagen Atlas 3.6 V6 SEL R-Line,"20,244 mi.",Bachman Volkswagen,4.9,483 ,"$44,578"
198,2022 Volkswagen Atlas 3.6L SE w/Technology,"2,293 mi.",Volkswagen of Inver Grove,4.9,760 ,"$40,990"
199,2021 Volkswagen Atlas Cross Sport 2.0T S,"44,584 mi.",Luther Westside VW,4.8,"5,452 ","$28,000"
200,2019 Volkswagen Atlas 3.6L SE w/Technology,"56,722 mi.",Volkswagen of South Charlotte,4.9,"1,914 ","$29,828"
201,2021 Volkswagen Atlas 3.6 V6 SE w/ Technology,"18,986 mi.",Alexandria VW,4.7,973 ,"$37,800"
202,2021 Volkswagen Atlas Cross Sport 2.0T S,"31,671 mi.",Curran Volkswagen,4.8,383 ,"$27,995"
203,2020 Volkswagen Atlas Cross Sport 2.0T SE w/Technology,"38,357 mi.",Northampton Volkswagen,4.8,897 ,"$29,648"
204,2021 Volkswagen Atlas Cross Sport 3.6L V6 SE w/Technology R-Line,"31,477 mi.",Volkswagen Jaguar Cadillac of Hartford,n/a,246 ,"$37,995"
205,2021 Volkswagen Atlas Cross Sport 3.6L V6 SEL Premium R-Line,"15,520 mi.",Wellesley Volkswagen,4.9,"3,387 ","$43,995"
206,2023 Volkswagen Arteon 2.0T SEL Premium R-Line,"1,017 mi.",Kelly Volkswagen,4.7,978 ,"$48,898"
207,2022 Volkswagen Tiguan 2.0T SE,"6,651 mi.",University Mazda,2.2,64 ,"$31,000"
208,2022 Volkswagen Atlas 3.6L SE w/Technology,"2,075 mi.",Boucher Volkswagen Marketplace of Franklin,4.8,"1,071 ","$41,890"
209,2022 Volkswagen Taos 1.5T SE,"11,356 mi.",Boucher Volkswagen Marketplace of Franklin,4.8,"1,071 ","$29,990"
210,2022 Volkswagen Atlas 3.6L SE w/Technology,"5,538 mi.",Hall Volkswagen Mazda,4.7,616 ,"$43,991"
211,2021 Volkswagen Atlas 3.6 V6 SE w/ Technology R-Line,"20,975 mi.",Hall Volkswagen Mazda,4.7,616 ,"$39,995"
212,2018 Volkswagen Beetle 2.0T S,"35,768 mi.",Tom Wood Volkswagen,4.3,487 ,"$20,995"
213,2022 Volkswagen Taos SEL,"9,616 mi.",Joseph VW of Cincinnati,4.3,85 ,"$31,983"
214,2022 Volkswagen Atlas 2.0T SE,"4,744 mi.",Volkswagen of Inver Grove,4.9,760 ,"$35,850"
215,2021 Volkswagen Atlas 3.6 V6 SEL,"28,826 mi.",Schmelz Countryside Alfa Romeo FIAT Saab VW,4.0,254 ,"$37,875"
216,2021 Volkswagen ID.4 Pro S,"6,881 mi.",Luther Westside VW,4.8,"5,452 ","$45,000"
217,2020 Volkswagen Tiguan 2.0T SEL Premium R-Line,"18,765 mi.",Village Volkswagen of Chattanooga,4.9,"1,145 ","$31,564"
218,2022 Volkswagen Taos 1.5T SE,"8,953 mi.",Sheehy Volkswagen of Springfield,3.8,657 ,"$26,535"
219,2020 Volkswagen Atlas Cross Sport 2.0T SE w/Technology,"15,417 mi.",Driver's Village,2.7,162 ,"$32,995"
220,2021 Volkswagen Jetta 1.4T S,"34,721 mi.",Alexandria VW,4.7,973 ,"$19,200"
221,2018 Volkswagen Atlas 3.6L SEL,"71,210 mi.",Compass Volkswagen,n/a,0 ,"$27,908"
222,2022 Volkswagen Atlas 2.0T SE,"23,598 mi.",World Volkswagen of Neptune,4.7,"2,013 ","$35,950"
223,2020 Volkswagen Passat 2.0T SEL,"14,101 mi.",Curran Volkswagen,4.8,383 ,"$24,477"
224,2022 Volkswagen Passat 2.0T Limited Edition,"9,270 mi.",Hendrick Volkswagen Frisco,4.6,234 ,"$26,771"
225,2020 Volkswagen Atlas Cross Sport 3.6 V6 SE w/ Technology,"43,602 mi.",Clay Cooley Volkswagen of Richardson,4.1,"1,441 ","$31,804"
226,2019 Volkswagen Arteon 2.0T SEL R-Line,"28,891 mi.",Tracy Volkswagen Inc.,n/a,6 ,"$32,991"
227,2022 Volkswagen Atlas 3.6L SE w/Technology,"7,792 mi.",Dirito Brothers Walnut Creek Volkswagen,4.8,"3,310 ","$37,882"
228,2022 Volkswagen Atlas Cross Sport 2.0T SE,"3,119 mi.",Volkswagen of Oak Lawn,4.1,169 ,"$32,802"
229,2019 Volkswagen Atlas 3.6L SE w/Technology,"27,245 mi.",Larry Roesch Volkswagen,4.4,143 ,"$32,756"
230,2021 Volkswagen Atlas 2.0T S,"29,529 mi.",Larry Roesch Volkswagen,4.4,143 ,"$28,662"
231,2016 Volkswagen Touareg VR6 Sport w/Technology,"61,922 mi.",Larry Roesch Volkswagen,4.4,143 ,"$22,496"
232,2021 Volkswagen Atlas 3.6 V6 SEL Premium,"16,643 mi.",Boucher Volkswagen Marketplace of Franklin,4.8,"1,071 ","$45,999"
233,2021 Volkswagen Atlas 3.6 V6 SEL Premium,"21,482 mi.",Hall Volkswagen Mazda,4.7,616 ,"$43,996"
234,2021 Volkswagen Atlas 3.6 V6 SEL Premium,"17,043 mi.",Volkswagen of Milwaukee North,n/a,35 ,"$42,999"
235,2022 Volkswagen Tiguan 2.0T SEL R-Line,"2,307 mi.",Luther Brookdale Volkswagen,4.6,"3,711 ","$36,975"
236,2021 Volkswagen Tiguan 2.0T SEL,"7,271 mi.",Bud Brown Volkswagen,4.8,"2,511 ","$32,988"
237,2018 Volkswagen Tiguan 2.0T SEL,"71,868 mi.",Baxter Volkswagen Of Omaha,4.7,111 ,"$21,388"
238,2021 Volkswagen Atlas 3.6 V6 SE w/ Technology R-Line,"26,236 mi.",Volkswagen of South Charlotte,4.9,"1,914 ","$40,971"
239,2020 Volkswagen Atlas Cross Sport 2.0T SE,"21,864 mi.",Safford Brown Volkswagen Richmond,4.7,110 ,"$30,999"
240,2021 Volkswagen Atlas Cross Sport 3.6L V6 SEL,"25,840 mi.",Reydel Volkswagen of Linden,4.6,30 ,"$36,999"
241,2022 Volkswagen Passat 2.0T Limited Edition,"7,568 mi.",Hendrick Volkswagen Frisco,4.6,234 ,"$29,400"
242,2021 Volkswagen Atlas 3.6 V6 SEL Premium,"16,008 mi.",Wellesley Volkswagen,4.9,"3,387 ","$46,195"
243,2021 Volkswagen Atlas 3.6 V6 SEL Premium,"45,351 mi.",Kelly Volkswagen,4.7,978 ,"$41,469"
244,2022 Volkswagen Atlas Cross Sport 3.6L V6 SE w/Technology,"5,137 mi.",Tracy Volkswagen Inc.,n/a,6 ,"$38,994"
245,2019 Volkswagen e-Golf SE,"14,687 mi.",Tracy Volkswagen Inc.,n/a,6 ,"$24,672"
246,2019 Volkswagen Atlas 3.6 V6 SE R-Line,"20,080 mi.",Larry H. Miller Volkswagen Lakewood,4.8,964 ,"$32,600"
247,2019 Volkswagen Golf GTI 2.0T S,"31,623 mi.",Sunnyvale Volkswagen,4.5,74 ,"$27,988"
248,2021 Volkswagen Atlas 2.0T SEL,"20,851 mi.",Volkswagen of Downtown Chicago,4.5,"1,943 ","$37,491"
249,2021 Volkswagen Jetta GLI 2.0T Autobahn,"20,325 mi.",Volkswagen of Downtown Chicago,4.5,"1,943 ","$28,591"
250,2019 Volkswagen Atlas 3.6L SE w/Technology,"61,078 mi.",Volkswagen of Downtown Chicago,4.5,"1,943 ","$28,291"
251,2021 Volkswagen ID.4 Pro,"10,131 mi.",City Volkswagen of Chicago,4.9,"3,375 ","$37,240"
252,2019 Volkswagen Atlas 3.6L SE w/Technology,"41,346 mi.",Volkswagen of Oak Lawn,4.1,169 ,"$31,740"
253,2022 Volkswagen Atlas 3.6L SE w/Technology,"9,596 mi.",City Volkswagen of Highland,4.8,829 ,"$40,190"
254,2021 Volkswagen Jetta GLI 2.0T S,"7,647 mi.",Bill Jacobs VW,4.3,618 ,"$28,442"
255,2020 Volkswagen Jetta 1.4T SEL Premium,"17,403 mi.",Hall Volkswagen Mazda,4.7,616 ,"$27,995"
256,2020 Volkswagen Atlas 3.6L SEL,"29,060 mi.",Andy Mohr Volkswagen,4.3,165 ,"$37,999"
257,2021 Volkswagen Atlas 3.6 V6 SE w/ Technology,"45,116 mi.",Luther Westside VW,4.8,"5,452 ","$34,400"
258,2021 Volkswagen ID.4 Pro S,"24,265 mi.",Luther Westside VW,4.8,"5,452 ","$44,500"
259,2020 Volkswagen Tiguan 2.0T SE,"22,992 mi.",Ide Volkswagen,4.9,858 ,"$27,490"
260,2022 Volkswagen Taos 1.5T SE,"6,036 mi.",Sheehy Volkswagen of Springfield,3.8,657 ,"$28,454"
261,2021 Volkswagen Tiguan 2.0T S,"21,636 mi.","Autohaus Lancaster, Inc.",5.0,410 ,"$25,990"
262,2019 Volkswagen Golf GTI 2.0T S,"36,816 mi.",Volkswagen of Huntington,2.6,287 ,"$27,000"
263,2020 Volkswagen Passat 2.0T R-Line,"15,418 mi.",Hendrick Volkswagen Frisco,4.6,234 ,"$24,995"
264,2021 Volkswagen Jetta 1.4T S,"15,115 mi.",Clay Cooley Volkswagen of Richardson,4.1,"1,441 ","$20,455"
265,2022 Volkswagen Tiguan 2.0T SE R-Line Black,"13,906 mi.",Clay Cooley Volkswagen of Richardson,4.1,"1,441 ","$32,628"
266,2021 Volkswagen Jetta 1.4T SE,"15,802 mi.",Findlay Volkswagen,4.7,46 ,"$25,500"
267,2019 Volkswagen Golf Alltrack TSI S,"20,413 mi.",Volkswagen of Kirkland,4.0,66 ,"$28,575"
268,2020 Volkswagen Jetta GLI 2.0T S,"41,256 mi.",Volkswagen of Downtown Chicago,4.5,"1,943 ","$24,991"
269,2022 Volkswagen Atlas 3.6L SE w/Technology,"12,958 mi.",City Volkswagen of Chicago,4.9,"3,375 ","$40,490"
270,2019 Volkswagen Tiguan 2.0T SE,"39,612 mi.",City Volkswagen Of Evanston,4.9,"1,704 ","$23,500"
271,2022 Volkswagen Atlas 2.0T SE,"4,788 mi.",City Volkswagen Of Evanston,4.9,"1,704 ","$39,000"
272,2021 Volkswagen Atlas Cross Sport 2.0T S,"20,746 mi.",The Autobarn Volkswagen of Countryside,4.9,"1,181 ","$29,000"
273,2019 Volkswagen Atlas 3.6L SE w/Technology,"37,562 mi.",Larry Roesch Volkswagen,4.4,143 ,"$32,755"
274,2018 Volkswagen Atlas 3.6L SEL,"40,551 mi.",Muller Subaru Volkswagen,5.0,86 ,"$31,309"
275,2021 Volkswagen ID.4 Pro S,"17,746 mi.",City Volkswagen of Highland,4.8,829 ,"$40,290"
276,2020 Volkswagen Atlas 3.6L SE w/Technology,"36,123 mi.",City Volkswagen of Highland,4.8,829 ,"$34,290"
277,2022 Volkswagen Atlas 3.6L SE w/Technology,"3,942 mi.",Fox Valley Volkswagen of St. Charles,4.3,699 ,"$39,499"
278,2021 Volkswagen Atlas 3.6L SEL Premium,"30,817 mi.",Elgin Volkswagen,n/a,45 ,"$41,888"
279,2019 Volkswagen Atlas 3.6L SEL Premium,"39,766 mi.",Elgin Volkswagen,n/a,45 ,"$34,888"
280,2020 Volkswagen Jetta 1.4T S,"23,643 mi.",Hall Volkswagen Mazda,4.7,616 ,"$22,492"
281,2021 Volkswagen ID.4 1st Edition,"21,785 mi.","Autohaus Lancaster, Inc.",5.0,410 ,"$41,990"
282,2019 Volkswagen Atlas 3.6L SE,"60,445 mi.",Volkswagen of Schenectady,4.7,"1,319 ","$30,200"
283,2021 Volkswagen Passat 2.0T SE,"39,277 mi.",Colonial Volkswagen,4.9,"2,430 ","$22,516"
284,2022 Volkswagen Atlas 2.0T SE,"9,300 mi.",Minuteman VW,4.8,425 ,"$40,765"
285,2021 Volkswagen Atlas Cross Sport 3.6L V6 SEL R-Line,"18,487 mi.",Colonial Volkswagen of Medford,4.8,"2,167 ","$42,091"
286,2021 Volkswagen Atlas Cross Sport 3.6L V6 SE w/Technology R-Line,"19,200 mi.",Kelly Volkswagen,4.7,978 ,"$41,594"
287,2022 Volkswagen ID.4 Pro S,"1,842 mi.",Volkswagen Pasadena,n/a,75 ,"$44,750"
288,2021 Volkswagen Atlas 3.6 V6 SEL Premium,"20,608 mi.",City Volkswagen Of Evanston,4.9,"1,704 ","$42,500"
289,2019 Volkswagen Atlas 3.6L SE w/Technology,"37,072 mi.",Larry Roesch Volkswagen,4.4,143 ,"$31,403"
290,2021 Volkswagen ID.4 Pro S,"6,279 mi.",Larry Roesch Volkswagen,4.4,143 ,"$42,899"
291,2022 Volkswagen Atlas 3.6L SE w/Technology,"3,212 mi.",Castle Volkswagen of Schaumburg,4.1,624 ,"$40,977"
292,2022 Volkswagen Atlas 3.6L SE w/Technology,"6,114 mi.",Volkswagen of Crystal Lake,4.8,601 ,"$40,750"
293,2022 Volkswagen Atlas 3.6L SE w/Technology,"3,540 mi.",Volkswagen of Crystal Lake,4.8,601 ,"$42,750"
294,2017 Volkswagen Passat 1.8T R-Line,"39,265 mi.",Hall Volkswagen Mazda,4.7,616 ,"$23,491"
295,2022 Volkswagen Taos 1.5T SE,"9,844 mi.",Vyletel Buick - GMC - Volkswagen,4.3,46 ,"$28,995"
296,2021 Volkswagen Arteon 2.0T SEL Premium R-Line 4MOTION,"28,274 mi.",Joseph VW of Cincinnati,4.3,85 ,"$38,887"
297,2020 Volkswagen Atlas 3.6L SE w/Technology,"24,949 mi.",Flow Motors of Winston-Salem,3.7,75 ,"$32,999"
298,2022 Volkswagen Tiguan 2.0T SE R-Line Black,"25,819 mi.",Jim Ellis Volkswagen of Kennesaw,4.9,"2,546 ","$34,709"
299,2021 Volkswagen Atlas 3.6L SE w/Technology,"28,166 mi.",Driver's Village,2.7,162 ,"$35,343"
300,2022 Volkswagen Taos 1.5T S,"8,269 mi.",Checkered Flag Volkswagen,4.9,"2,375 ","$23,943"
301,2020 Volkswagen Atlas Cross Sport 2.0T S,"24,979 mi.",Volkswagen of Old Saybrook,n/a,30 ,"$29,596"
302,2020 Volkswagen Passat 2.0T SE,"31,791 mi.",Hendrick Volkswagen Frisco,4.6,234 ,"$24,700"
303,2020 Volkswagen Atlas Cross Sport 3.6L V6 SEL,"52,476 mi.",Volkswagen of Old Saybrook,n/a,30 ,"$37,769"
304,2021 Volkswagen Jetta GLI 2.0T Autobahn,"32,455 mi.",Volkswagen Of Orange Park,4.4,332 ,"$28,000"
305,2022 Volkswagen Atlas 3.6L SE w/Technology,"5,992 mi.","Bob Penkhus Volvo, Mazda Inc.",4.7,"2,983 ","$41,499"
306,2020 Volkswagen Atlas Cross Sport 3.6L V6 SEL Premium,"16,559 mi.",VW Audi of Naples,5.0,"5,169 ","$40,624"
307,2021 Volkswagen ID.4 Pro S,"17,028 mi.",Herzog-Meier Volkswagen Volvo Mazda,4.9,844 ,"$45,988"
308,2019 Volkswagen Tiguan 2.0T S,"36,434 mi.",City Volkswagen of Chicago,4.9,"3,375 ","$21,540"
309,2019 Volkswagen Tiguan 2.0T SEL Premium R-Line,"23,849 mi.",Volkswagen of Oak Lawn,4.1,169 ,"$33,276"
310,2020 Volkswagen Jetta 1.4T R-Line,"17,333 mi.",Hall Volkswagen Mazda,4.7,616 ,"$23,494"
311,2022 Volkswagen Atlas Cross Sport 2.0T SEL,"4,736 mi.",Hall Volkswagen Mazda,4.7,616 ,"$44,991"
312,2022 Volkswagen Tiguan 2.0T S,"10,739 mi.",Falcone Volkswagen Subaru,4.9,"2,020 ","$26,490"
313,2022 Volkswagen Taos 1.5T SE,"9,703 mi.",Vyletel Buick - GMC - Volkswagen,4.3,46 ,"$28,995"
314,2021 Volkswagen Atlas Cross Sport 3.6L V6 SEL,"15,416 mi.",Vyletel Buick - GMC - Volkswagen,4.3,46 ,"$37,995"
315,2020 Volkswagen Tiguan 2.0T SE R-Line Black,"59,194 mi.",Fairfax Volkswagen,n/a,1 ,"$24,999"
316,2022 Volkswagen Taos 1.5T SE,"3,879 mi.",Sheehy Volkswagen of Springfield,3.8,657 ,"$26,534"
317,2019 Volkswagen Tiguan 2.0T S,"70,030 mi.",Volkswagen of South Charlotte,4.9,"1,914 ","$19,453"
318,2019 Volkswagen Golf R 2.0T w/DCC & Navigation,"26,940 mi.",Alexandria VW,4.7,973 ,"$37,500"
319,2022 Volkswagen Atlas 3.6 SEL Premium R-Line,"17,588 mi.",Carolina Volkswagen,3.6,586 ,"$47,898"
320,2019 Volkswagen Golf SportWagen 1.4T SE,"37,238 mi.","Autohaus Lancaster, Inc.",5.0,410 ,"$25,990"
321,2022 Volkswagen Taos 1.5T S,"11,040 mi.",Southern Volkswagen Greenbrier,3.4,"1,803 ","$23,009"
322,2017 Volkswagen Tiguan Limited 2.0T,"34,851 mi.",Volkswagen of Old Saybrook,n/a,30 ,"$18,528"
323,2018 Volkswagen Passat 2.0T R-Line,"53,643 mi.",Colonial Volkswagen,4.9,"2,430 ","$19,239"
324,2022 Volkswagen Jetta 1.5T SE,"10,093 mi.",Seacoast Volkswagen,4.7,47 ,"$27,312"
325,2021 Volkswagen Atlas 3.6L SEL,"40,954 mi.",Tracy Volkswagen Inc.,n/a,6 ,"$36,992"
326,2020 Volkswagen Atlas Cross Sport 3.6L V6 SE w/Technology R-Line,"21,681 mi.",Gunther Volkswagen Volvo Mitsubishi Coconut Creek,3.3,"1,569 ","$34,877"
327,2022 Volkswagen Atlas Cross Sport 3.6L V6 SE w/Technology,"3,413 mi.",Palmetto 57 VW,4.3,559 ,"$38,995"
328,2022 Volkswagen Atlas 3.6L SE w/Technology,"9,392 mi.",City Volkswagen of Highland,4.8,829 ,"$40,190"
329,2022 Volkswagen Atlas 3.6L SE w/Technology,"4,780 mi.",Boucher Volkswagen Marketplace of Franklin,4.8,"1,071 ","$41,890"
330,2020 Volkswagen Tiguan 2.0T SE R-Line Black,"20,095 mi.",Serra Traverse City,4.6,46 ,"$28,955"
331,2021 Volkswagen ID.4 Pro S,"12,532 mi.",Beechmont Volkswagen,n/a,194 ,"$38,000"
332,2019 Volkswagen Golf GTI 2.0T SE,"17,666 mi.",Luther Brookdale Volkswagen,4.6,"3,711 ","$29,485"
333,2021 Volkswagen Atlas 3.6 V6 SEL Premium,"7,090 mi.",Volkswagen of Lee's Summit,4.2,"1,149 ","$46,393"
334,2021 Volkswagen Golf GTI 2.0T SE,"17,526 mi.",Hawk Volkswagen of Monroeville,n/a,0 ,"$33,220"
335,2019 Volkswagen Atlas 3.6L SE w/Technology,"47,556 mi.",Driver's Village,2.7,162 ,"$29,990"
336,2022 Volkswagen Taos 1.5T SE,"10,083 mi.",Alexandria VW,4.7,973 ,"$28,400"
337,2021 Volkswagen ID.4 Pro S,"12,989 mi.","Autohaus Lancaster, Inc.",5.0,410 ,"$48,990"
338,2023 Volkswagen Taos 1.5T SE,201 mi.,Ourisman Subaru VW of Waldorf,n/a,18 ,"$30,914"
339,2021 Volkswagen Atlas Cross Sport 2.0T SE w/Technology,"19,814 mi.",Jack Ingram Motors,n/a,57 ,"$32,482"
340,2019 Volkswagen Tiguan 2.0T SE,"28,761 mi.",Low Country Volkswagen,4.1,180 ,"$26,786"
341,2019 Volkswagen Golf 1.4T S,"50,668 mi.",Colonial Volkswagen of Medford,4.8,"2,167 ","$19,791"
342,2022 Volkswagen Taos 1.5T SE,"18,826 mi.",Kelly Volkswagen,4.7,978 ,"$31,590"
343,2019 Volkswagen Tiguan 2.0T S,"20,416 mi.",McDonald Volkswagen,4.9,"1,541 ","$23,970"
344,2018 Volkswagen Tiguan Limited 2.0T,"15,746 mi.",Lokey Volkswagen,4.5,"2,642 ","$19,249"
345,2021 Volkswagen Atlas Cross Sport 2.0T SE w/Technology,"13,594 mi.",Gunther Volkswagen Volvo Mitsubishi Coconut Creek,3.3,"1,569 ","$33,277"
346,2018 Volkswagen Tiguan 2.0T SE,"34,017 mi.",Herzog-Meier Volkswagen Volvo Mazda,4.9,844 ,"$25,988"
347,2019 Volkswagen Arteon 2.0T SEL,"15,932 mi.",Dirito Brothers Walnut Creek Volkswagen,4.8,"3,310 ","$29,884"
348,2020 Volkswagen Golf GTI 2.0T Autobahn,"6,916 mi.",City Volkswagen of Chicago,4.9,"3,375 ","$35,390"
349,2022 Volkswagen Golf GTI 2.0T SE,510 mi.,The Autobarn Volkswagen of Countryside,4.9,"1,181 ","$38,499"
350,2018 Volkswagen Atlas 3.6L SE,"65,686 mi.",City Volkswagen of Highland,4.8,829 ,"$25,790"
351,2022 Volkswagen Atlas 3.6L SE w/Technology,"11,036 mi.",City Volkswagen of Highland,4.8,829 ,"$39,890"
352,2020 Volkswagen Atlas Cross Sport 3.6L V6 SEL Premium R-Line,"19,910 mi.",Boucher Volkswagen Marketplace of Franklin,4.8,"1,071 ","$43,990"
353,2020 Volkswagen Jetta 1.4T R-Line,"27,074 mi.",Hall Volkswagen Mazda,4.7,616 ,"$26,491"
354,2022 Volkswagen Taos 1.5T SEL,"16,068 mi.",Bergstrom Imports on Victory Lane,n/a,397 ,"$30,802"
355,2022 Volkswagen Atlas 3.6L SE w/Technology,"5,802 mi.",MAG Midwestern Auto Group,3.0,73 ,"$41,141"
356,2019 Volkswagen Tiguan 2.0T SEL Premium,"51,817 mi.",Luther Burnsville Volkswagen,4.9,"2,655 ","$27,975"
357,2018 Volkswagen Passat 2.0T SE w/ Technology,"22,480 mi.",Crown Toyota Volkswagen,4.7,399 ,"$23,988"
358,2021 Volkswagen Atlas Cross Sport 3.6L V6 SEL,"11,097 mi.",Volkswagen of South Charlotte,4.9,"1,914 ","$39,771"
359,2021 Volkswagen Atlas Cross Sport 3.6L V6 SE w/Technology,"12,484 mi.",Volkswagen of South Charlotte,4.9,"1,914 ","$37,331"
360,2021 Volkswagen Atlas Cross Sport 2.0T SEL Premium,"8,298 mi.",Volkswagen of South Charlotte,4.9,"1,914 ","$43,750"
361,2020 Volkswagen Passat 2.0T S,"51,537 mi.",Alexandria VW,4.7,973 ,"$20,000"
362,2019 Volkswagen Atlas 3.6L S,"53,349 mi.",Reydel Volkswagen of Linden,4.6,30 ,"$27,999"
363,2020 Volkswagen Jetta 1.4T SEL,"40,290 mi.",Volkswagen of Smithtown,4.5,"1,509 ","$22,206"
364,2022 Volkswagen Taos 1.5T SEL,"4,940 mi.",Harte Volkswagen,n/a,4 ,"$32,977"
365,2021 Volkswagen Atlas 3.6 V6 SEL Premium,"22,041 mi.",Wellesley Volkswagen,4.9,"3,387 ","$43,995"
366,2022 Volkswagen Atlas 2.0T SEL,"19,656 mi.",Kelly Volkswagen,4.7,978 ,"$42,985"
367,2020 Volkswagen Atlas Cross Sport 3.6L V6 SEL Premium R-Line,"19,990 mi.",Ed Carroll Motor Co.,4.9,117 ,"$44,157"
368,2021 Volkswagen Golf GTI 2.0T SE,"11,037 mi.",Volkswagen of Downtown Chicago,4.5,"1,943 ","$32,191"
369,2022 Volkswagen Golf GTI 2.0T SE,"15,757 mi.",Volkswagen of Oak Lawn,4.1,169 ,"$36,335"
370,2021 Volkswagen ID.4 Pro S,"6,529 mi.",Andy Mohr Volkswagen,4.3,165 ,"$39,961"
371,2021 Volkswagen Golf GTI 2.0T S,"14,188 mi.",Village Volkswagen of Chattanooga,4.9,"1,145 ","$29,991"
372,2021 Volkswagen Atlas Cross Sport 2.0T SE w/Technology,"42,096 mi.",Hiley Automotive Group,n/a,28 ,"$31,990"
373,2021 Volkswagen ID.4 Pro,"11,848 mi.",Steve White Volkswagen Audi - Greenville,4.6,957 ,"$41,499"
374,2021 Volkswagen Atlas Cross Sport 2.0T SE w/Technology,"22,016 mi.",Lindsay Volkswagen of Dulles,4.6,"1,835 ","$30,725"
375,2021 Volkswagen Passat 2.0T S,"29,968 mi.",Sutliff Volkswagen,n/a,70 ,"$19,997"
376,2020 Volkswagen Passat 2.0T SEL,"12,838 mi.",Fairfax Volkswagen,n/a,1 ,"$24,499"
377,2020 Volkswagen Tiguan 2.0T SEL,"25,467 mi.",Fairfax Volkswagen,n/a,1 ,"$28,499"
378,2020 Volkswagen Tiguan 2.0T SE R-Line Black,"20,518 mi.",Stohlman Volkswagen Subaru,4.6,"1,452 ","$29,250"
379,2020 Volkswagen Passat 2.0T R-Line,"26,118 mi.",Alexandria VW,4.7,973 ,"$25,000"
380,2017 Volkswagen Passat 1.8T SE,"69,747 mi.",Hamilton Volkswagen,4.7,"2,145 ","$16,998"
381,2020 Volkswagen Atlas Cross Sport 3.6L V6 SE w/Technology,"20,125 mi.",Hudson Valley VW,4.2,496 ,"$33,299"
382,2021 Volkswagen Atlas 3.6L SE w/Technology,"12,403 mi.",Volkswagen of West Islip,3.2,449 ,"$40,788"
383,2021 Volkswagen Atlas 2.0T SEL Premium,"22,088 mi.",Volkswagen of Old Saybrook,n/a,30 ,"$42,772"
384,2020 Volkswagen Passat 2.0T SE,"52,156 mi.",Volkswagen of South Mississippi,4.9,628 ,"$20,995"
385,2022 Volkswagen Taos 1.5T SEL,"14,848 mi.",Kelly Volkswagen,4.7,978 ,"$31,462"
386,2020 Volkswagen Atlas Cross Sport 2.0T SEL,"26,905 mi.",Dick Hannah Volkswagen,4.7,550 ,"$36,497"
387,2021 Volkswagen Atlas Cross Sport 3.6L V6 SEL Premium R-Line,"18,154 mi.",Armstrong VW,1.4,98 ,"$40,990"
388,2021 Volkswagen ID.4 Pro S,"17,264 mi.",Elgin Volkswagen,n/a,45 ,"$41,995"
389,2021 Volkswagen Golf GTI 2.0T SE,"17,561 mi.",Joseph VW of Cincinnati,4.3,85 ,"$33,500"
390,2019 Volkswagen Atlas 3.6L SE w/Technology,"32,355 mi.",Brunswick Auto Mart,4.7,"2,494 ","$29,960"
391,2019 Volkswagen Tiguan 2.0T SEL Premium,"10,227 mi.",Luther Brookdale Volkswagen,4.6,"3,711 ","$30,975"
392,2022 Volkswagen Atlas Cross Sport 3.6L V6 SE w/Technology,"26,584 mi.",Hudson Valley VW,4.2,496 ,"$38,499"
393,2019 Volkswagen Atlas 3.6L SE w/Technology,"49,766 mi.",Mohegan Lake Volkswagen,4.8,565 ,"$27,995"
394,2019 Volkswagen Tiguan 2.0T SEL R-Line Black,"68,463 mi.",East Coast Honda,n/a,109 ,"$29,654"
395,2021 Volkswagen Atlas 3.6L SE w/Technology,"22,187 mi.",Volkswagen of West Islip,3.2,449 ,"$39,777"
396,2018 Volkswagen Atlas 3.6L SEL,"42,418 mi.",Volkswagen of West Islip,3.2,449 ,"$29,333"
397,2018 Volkswagen Atlas 3.6L SE w/Technology,"33,150 mi.",Colonial Volkswagen,4.9,"2,430 ","$30,689"
398,2022 Volkswagen Atlas 3.6L SEL Premium R-Line,"10,056 mi.",Wellesley Volkswagen,4.9,"3,387 ","$49,995"
399,2021 Volkswagen Atlas 3.6 V6 SEL Premium,"19,686 mi.",Wellesley Volkswagen,4.9,"3,387 ","$44,995"
400,2021 Volkswagen Tiguan 2.0T SE,"13,812 mi.",Ray Brandt Volkswagen,4.4,522 ,"$28,995"
401,2019 Volkswagen Golf Alltrack TSI S,"57,954 mi.",Colonial Volkswagen of Medford,4.8,"2,167 ","$25,991"
402,2019 Volkswagen Atlas 3.6L SEL,"35,396 mi.",Seacoast Volkswagen,4.7,47 ,"$33,000"
403,2022 Volkswagen Atlas 2.0T SE,"15,780 mi.",Tracy Volkswagen Inc.,n/a,6 ,"$42,991"
404,2021 Volkswagen Atlas Cross Sport 2.0T SE,"29,505 mi.",Larry H. Miller Volkswagen Lakewood,4.8,964 ,"$33,000"
405,2022 Volkswagen Atlas Cross Sport 3.6L V6 SEL,"22,866 mi.",Bob Boast Volkswagen,5.0,959 ,"$42,499"
406,2019 Volkswagen Atlas 3.6L SE w/Technology,"30,263 mi.",VW Audi of Naples,5.0,"5,169 ","$30,783"
407,2022 Volkswagen Tiguan 2.0T SE,"5,748 mi.",Mossy Volkswagen Escondido,n/a,43 ,"$31,996"
